{
  "lexical_coverage": {
    "mean": 0.31920818070818074,
    "min": 0.0,
    "max": 1.0
  },
  "perplexity": {
    "mean_ppl": 298684.9059481049,
    "min_ppl": 28.756568616142516,
    "max_ppl": 14650663.54100077
  },
  "chrf": {
    "corpus_chrf": 17.845816276192515,
    "mean_sentence_chrf": 15.0201914353695
  },
  "llm_judge": {
    "mean_semantic_completeness": 1.42,
    "mean_fluency": 1.88
  },
  "num_examples": 50
}