{
  "lexical_coverage": {
    "mean": 0.3220653235653236,
    "min": 0.0,
    "max": 1.0
  },
  "perplexity": {
    "mean_ppl": 298893.04884075635,
    "min_ppl": 28.756568616142516,
    "max_ppl": 14650663.54100077
  },
  "chrf": {
    "corpus_chrf": 18.121399333101913,
    "mean_sentence_chrf": 15.175887630587667
  },
  "llm_judge": {
    "mean_semantic_completeness": 1.4,
    "mean_fluency": 1.8
  },
  "num_examples": 50
}