{
  "lexical_coverage": {
    "mean": 0.3913009768009767,
    "min": 0.0,
    "max": 1.0
  },
  "perplexity": {
    "mean_ppl": 158427.7056515152,
    "min_ppl": 2.424809238432754,
    "max_ppl": 7796470.061408043
  },
  "chrf": {
    "corpus_chrf": 9.226677248773543,
    "mean_sentence_chrf": 13.363589152513406
  },
  "llm_judge": {
    "mean_semantic_completeness": 1.4,
    "mean_fluency": 1.42
  },
  "num_examples": 50
}