{
  "lexical_coverage": {
    "mean": 0.45472405372405367,
    "min": 0.0,
    "max": 1.0
  },
  "perplexity": {
    "mean_ppl": 20012.692970597825,
    "min_ppl": 52.71811552554536,
    "max_ppl": 736604.6774266949
  },
  "chrf": {
    "corpus_chrf": 27.51710032139092,
    "mean_sentence_chrf": 28.89135578633264
  },
  "llm_judge": {
    "mean_semantic_completeness": 1.74,
    "mean_fluency": 2.08
  },
  "num_examples": 50
}