{
  "lexical_coverage": {
    "mean": 0.618879120879121,
    "min": 0.0,
    "max": 1.0
  },
  "perplexity": {
    "mean_ppl": 6351.883322527989,
    "min_ppl": 108.75580347959365,
    "max_ppl": 41521.37296703655
  },
  "chrf": {
    "corpus_chrf": 34.87413126283699,
    "mean_sentence_chrf": 44.87203139773257
  },
  "llm_judge": {
    "mean_semantic_completeness": 2.56,
    "mean_fluency": 2.7
  },
  "num_examples": 50
}