{
  "lexical_coverage": {
    "mean": 0.5248577533577533,
    "min": 0.0,
    "max": 1.0
  },
  "perplexity": {
    "mean_ppl": 238892.4247806833,
    "min_ppl": 53.25501263789083,
    "max_ppl": 11248576.054978631
  },
  "chrf": {
    "corpus_chrf": 27.667157168173347,
    "mean_sentence_chrf": 29.870216880265605
  },
  "llm_judge": {
    "mean_semantic_completeness": 1.88,
    "mean_fluency": 1.88
  },
  "num_examples": 50
}