{
  "lexical_coverage": {
    "mean": 0.8061080586080586,
    "min": 0.0,
    "max": 1.0
  },
  "perplexity": {
    "mean_ppl": 13663.277011063848,
    "min_ppl": 49.76867778993706,
    "max_ppl": 460667.1402333492
  },
  "chrf": {
    "corpus_chrf": 6.031404557896112,
    "mean_sentence_chrf": 7.470885897346826
  },
  "llm_judge": {
    "mean_semantic_completeness": 2.24,
    "mean_fluency": 2.24
  },
  "num_examples": 50
}