{
  "lexical_coverage": {
    "mean": 0.8061080586080586,
    "min": 0.0,
    "max": 1.0
  },
  "perplexity": {
    "mean_ppl": 15818.086501295353,
    "min_ppl": 50.68269620815172,
    "max_ppl": 573591.1647061681
  },
  "chrf": {
    "corpus_chrf": 6.031404557896112,
    "mean_sentence_chrf": 7.470885897346826
  },
  "llm_judge": {
    "mean_semantic_completeness": 2.82,
    "mean_fluency": 3.1
  },
  "num_examples": 50
}