{
  "lexical_coverage": {
    "mean": 0.646021978021978,
    "min": 0.2,
    "max": 1.0
  },
  "perplexity": {
    "mean_ppl": 7038.206903252854,
    "min_ppl": 99.08752321089226,
    "max_ppl": 43511.078987790526
  },
  "chrf": {
    "corpus_chrf": 35.63516671638345,
    "mean_sentence_chrf": 42.95493387342745
  },
  "llm_judge": {
    "mean_semantic_completeness": 2.58,
    "mean_fluency": 2.76
  },
  "num_examples": 50
}