{
  "lexical_coverage": {
    "mean": 0.5732625152625153,
    "min": 0.0,
    "max": 1.0
  },
  "perplexity": {
    "mean_ppl": 1646139.3420049557,
    "min_ppl": 108.75580347959365,
    "max_ppl": 82031846.60208556
  },
  "chrf": {
    "corpus_chrf": 100.0,
    "mean_sentence_chrf": 100.0
  },
  "llm_judge": {
    "mean_semantic_completeness": 2.24,
    "mean_fluency": 2.34
  },
  "num_examples": 50
}