{
  "lexical_coverage": {
    "mean": 0.11623809523809524,
    "min": 0.0,
    "max": 1.0
  },
  "perplexity": {
    "mean_ppl": 22.558369470714602,
    "min_ppl": 9.76995068584071,
    "max_ppl": 54.49860713548565
  },
  "chrf": {
    "corpus_chrf": 0.22465970662085372,
    "mean_sentence_chrf": 0.2552569830688715
  },
  "llm_judge": {
    "mean_semantic_completeness": 3.02,
    "mean_fluency": 3.44
  },
  "num_examples": 50
}