{
  "lexical_coverage": {
    "mean": 0.11648168498168499,
    "min": 0.0,
    "max": 1.0
  },
  "perplexity": {
    "mean_ppl": 20.212023015064926,
    "min_ppl": 7.863788561231919,
    "max_ppl": 49.49461191263699
  },
  "chrf": {
    "corpus_chrf": 0.19380314445601882,
    "mean_sentence_chrf": 0.22454151010143228
  },
  "llm_judge": {
    "mean_semantic_completeness": 1.0,
    "mean_fluency": 1.56
  },
  "num_examples": 50
}