{
  "lexical_coverage": {
    "mean": 0.3722704517704518,
    "min": 0.0,
    "max": 1.0
  },
  "perplexity": {
    "mean_ppl": 17064.38218737804,
    "min_ppl": 3.4813202662679212,
    "max_ppl": 312197.7196897739
  },
  "chrf": {
    "corpus_chrf": 17.02505055392339,
    "mean_sentence_chrf": 15.7307355596068
  },
  "llm_judge": {
    "mean_semantic_completeness": 1.46,
    "mean_fluency": 1.84
  },
  "num_examples": 50
}