{
  "lexical_coverage": {
    "mean": 0.3514224664224664,
    "min": 0.0,
    "max": 1.0
  },
  "perplexity": {
    "mean_ppl": 11031.183689350368,
    "min_ppl": 99.85410538706276,
    "max_ppl": 146879.73251873642
  },
  "chrf": {
    "corpus_chrf": 22.113899970980516,
    "mean_sentence_chrf": 20.87105962021607
  },
  "llm_judge": {
    "mean_semantic_completeness": 1.66,
    "mean_fluency": 1.96
  },
  "num_examples": 50
}