experiment,lex_coverage_mean,lex_coverage_min,lex_coverage_max,ppl_mean,ppl_min,ppl_max,chrf_corpus,chrf_mean_sentence,llm_semantic,llm_fluency,num_examples
baseline1,0.11623809523809524,0.0,1.0,22.558369470714602,9.76995068584071,54.49860713548565,0.22465970662085372,0.2552569830688715,3.02,3.44,50
baseline2,0.8061080586080586,0.0,1.0,15818.086501295353,50.68269620815172,573591.1647061681,6.031404557896112,7.470885897346826,2.82,3.1,50
baseline3,0.3220653235653236,0.0,1.0,298893.04884075635,28.756568616142516,14650663.54100077,18.121399333101913,15.175887630587667,3.08,2.96,50
final,0.3913009768009767,0.0,1.0,158427.7056515152,2.424809238432754,7796470.061408043,9.226677248773543,13.363589152513406,3.02,3.14,50
