{
  "num_pairs": 3867,
  "duplicate_pairs": 3,
  "nonfinite_reward_pairs": 3,
  "mean_reward_gap": 0.2396042154932047,
  "min_reward_gap": 0.05000070145290558,
  "max_reward_gap": 1.02475204944587,
  "gold_proxy_found": 3864,
  "chosen_better_than_rejected": 2754,
  "rejected_better_than_chosen": 1068,
  "equal_proxy_similarity": 42,
  "chosen_better_rate": 0.7127329192546584,
  "low_gap_total": 514,
  "low_gap_chosen_better": 320,
  "low_gap_chosen_better_rate": 0.622568093385214,
  "gap_threshold_counts": {
    "ge_0.05": 3864,
    "ge_0.10": 3350,
    "ge_0.20": 1996,
    "ge_0.30": 1010,
    "ge_0.40": 498
  }
}
